[{"Id":5,"NomeDaCrianca":"Carlos","Endereco":"Rua da Diversão, 789","IdadeDaCrianca":9,"TextoDaCarta":"Querido Papai Noel, eu adoraria ganhar um conjunto de quebra-cabeças e um carrinho de controle remoto."},{"Id":6,"NomeDaCrianca":"Mariana","Endereco":"Avenida dos Sonhos, 123","IdadeDaCrianca":7,"TextoDaCarta":"Papai Noel, por favor, traga-me uma boneca e um livro de colorir."},{"Id":7,"NomeDaCrianca":"Gustavo","Endereco":"Travessa da Aventura, 456","IdadeDaCrianca":12,"TextoDaCarta":"Querido Papai Noel, eu gostaria de ganhar um conjunto de LEGO e um telescópio."},{"Id":0,"NomeDaCrianca":"string","Endereco":"string","IdadeDaCrianca":14,"TextoDaCarta":"string"}]